-- Clean up existing data in correct dependency order
TRUNCATE TABLE "comments" CASCADE;
TRUNCATE TABLE "reviews" CASCADE;
TRUNCATE TABLE "media_genres" CASCADE;
TRUNCATE TABLE "genres" CASCADE;
TRUNCATE TABLE "media" CASCADE;
TRUNCATE TABLE "user" CASCADE;

-- Seeding Genres
INSERT INTO "genres" ("id", "name", "slug", "createdAt", "updatedAt") VALUES ('a3b1d2e3-1234-4321-abcd-111111111111', 'Action', 'action', NOW(), NOW()) ON CONFLICT ("name") DO NOTHING;
INSERT INTO "genres" ("id", "name", "slug", "createdAt", "updatedAt") VALUES ('b4c2e3f4-1234-4321-abcd-222222222222', 'Adventure', 'adventure', NOW(), NOW()) ON CONFLICT ("name") DO NOTHING;
INSERT INTO "genres" ("id", "name", "slug", "createdAt", "updatedAt") VALUES ('c5d3f4a5-1234-4321-abcd-333333333333', 'Animation', 'animation', NOW(), NOW()) ON CONFLICT ("name") DO NOTHING;
INSERT INTO "genres" ("id", "name", "slug", "createdAt", "updatedAt") VALUES ('d6e4a5b6-1234-4321-abcd-444444444444', 'Biography', 'biography', NOW(), NOW()) ON CONFLICT ("name") DO NOTHING;
INSERT INTO "genres" ("id", "name", "slug", "createdAt", "updatedAt") VALUES ('e7f5b6c7-1234-4321-abcd-555555555555', 'Comedy', 'comedy', NOW(), NOW()) ON CONFLICT ("name") DO NOTHING;
INSERT INTO "genres" ("id", "name", "slug", "createdAt", "updatedAt") VALUES ('f8a6c7d8-1234-4321-abcd-666666666666', 'Crime', 'crime', NOW(), NOW()) ON CONFLICT ("name") DO NOTHING;
INSERT INTO "genres" ("id", "name", "slug", "createdAt", "updatedAt") VALUES ('a9b7d8e9-1234-4321-abcd-777777777777', 'Drama', 'drama', NOW(), NOW()) ON CONFLICT ("name") DO NOTHING;
INSERT INTO "genres" ("id", "name", "slug", "createdAt", "updatedAt") VALUES ('b0c8e9f0-1234-4321-abcd-888888888888', 'Fantasy', 'fantasy', NOW(), NOW()) ON CONFLICT ("name") DO NOTHING;
INSERT INTO "genres" ("id", "name", "slug", "createdAt", "updatedAt") VALUES ('c1d9f0a1-1234-4321-abcd-999999999999', 'History', 'history', NOW(), NOW()) ON CONFLICT ("name") DO NOTHING;
INSERT INTO "genres" ("id", "name", "slug", "createdAt", "updatedAt") VALUES ('d2e0a1b2-1234-4321-abcd-aaaaaaaaaaaa', 'Horror', 'horror', NOW(), NOW()) ON CONFLICT ("name") DO NOTHING;
INSERT INTO "genres" ("id", "name", "slug", "createdAt", "updatedAt") VALUES ('e3f1b2c3-1234-4321-abcd-bbbbbbbbbbbb', 'Music', 'music', NOW(), NOW()) ON CONFLICT ("name") DO NOTHING;
INSERT INTO "genres" ("id", "name", "slug", "createdAt", "updatedAt") VALUES ('f4a2c3d4-1234-4321-abcd-cccccccccccc', 'Mystery', 'mystery', NOW(), NOW()) ON CONFLICT ("name") DO NOTHING;
INSERT INTO "genres" ("id", "name", "slug", "createdAt", "updatedAt") VALUES ('a5b3d4e5-1234-4321-abcd-dddddddddddd', 'Romance', 'romance', NOW(), NOW()) ON CONFLICT ("name") DO NOTHING;
INSERT INTO "genres" ("id", "name", "slug", "createdAt", "updatedAt") VALUES ('b6c4e5f6-1234-4321-abcd-eeeeeeeeeeee', 'Sci-Fi', 'sci-fi', NOW(), NOW()) ON CONFLICT ("name") DO NOTHING;
INSERT INTO "genres" ("id", "name", "slug", "createdAt", "updatedAt") VALUES ('c7d5f6a7-1234-4321-abcd-ffffffffffff', 'Sport', 'sport', NOW(), NOW()) ON CONFLICT ("name") DO NOTHING;
INSERT INTO "genres" ("id", "name", "slug", "createdAt", "updatedAt") VALUES ('d8e6a7b8-1234-4321-abcd-000000000000', 'Thriller', 'thriller', NOW(), NOW()) ON CONFLICT ("name") DO NOTHING;

-- Seeding Users
INSERT INTO "user" ("id", "email", "name", "emailVerified", "role", "status", "createdAt", "updatedAt") VALUES ('u1', 'cinemafanatic@example.com', 'CinemaFanatic', true, 'USER', 'ACTIVE', NOW(), NOW()) ON CONFLICT ("email") DO NOTHING;
INSERT INTO "user" ("id", "email", "name", "emailVerified", "role", "status", "createdAt", "updatedAt") VALUES ('u2', 'scifilover@example.com', 'SciFiLover', true, 'USER', 'ACTIVE', NOW(), NOW()) ON CONFLICT ("email") DO NOTHING;
INSERT INTO "user" ("id", "email", "name", "emailVerified", "role", "status", "createdAt", "updatedAt") VALUES ('u3', 'horrorbuff99@example.com', 'HorrorBuff99', true, 'USER', 'ACTIVE', NOW(), NOW()) ON CONFLICT ("email") DO NOTHING;
INSERT INTO "user" ("id", "email", "name", "emailVerified", "role", "status", "createdAt", "updatedAt") VALUES ('u4', 'dramaking@example.com', 'DramaKing', true, 'USER', 'ACTIVE', NOW(), NOW()) ON CONFLICT ("email") DO NOTHING;
INSERT INTO "user" ("id", "email", "name", "emailVerified", "role", "status", "createdAt", "updatedAt") VALUES ('u5', 'historybuff@example.com', 'HistoryBuff', true, 'USER', 'ACTIVE', NOW(), NOW()) ON CONFLICT ("email") DO NOTHING;
INSERT INTO "user" ("id", "email", "name", "emailVerified", "role", "status", "createdAt", "updatedAt") VALUES ('u6', 'comicbooknerd@example.com', 'ComicBookNerd', true, 'USER', 'ACTIVE', NOW(), NOW()) ON CONFLICT ("email") DO NOTHING;

-- Seeding Media Catalog
INSERT INTO "media" ("id", "title", "description", "synopsis", "posterUrl", "backdropUrl", "trailerUrl", "releaseYear", "director", "cast", "duration", "language", "country", "contentRating", "mediaType", "streamingPlatform", "price", "priceType", "isPublished", "viewCount", "averageRating", "createdAt", "updatedAt") VALUES ('1', 'Dune: Part Two', 'Paul Atreides unites with the Fremen to seek revenge against those who destroyed his family. As he faces a choice between the love of his life and the fate of the universe, he must prevent a terrible future only he can foresee.', 'Paul Atreides unites with the Fremen to seek revenge against those who destroyed his family. As he faces a choice between the love of his life and the fate of the universe, he must prevent a terrible future only he can foresee.', 'https://image.tmdb.org/t/p/w500/8b8R8l1QmGrpYMFU5mI8q4QxBnq.jpg', 'https://image.tmdb.org/t/p/original/xOMo8BR1NFC5Bf4jqXKqVvLxqK3.jpg', 'https://www.youtube.com/watch?v=Way9Dexny3w', 2024, 'Denis Villeneuve', ARRAY['Timothée Chalamet', 'Zendaya', 'Rebecca Ferguson', 'Austin Butler']::text[], 120, 'English', 'USA', 'PG-13', 'MOVIE'::"MediaType", 'Netflix', 9.99, 'PREMIUM'::"PriceType", true, 150, 8.7, NOW(), NOW());
INSERT INTO "media" ("id", "title", "description", "synopsis", "posterUrl", "backdropUrl", "trailerUrl", "releaseYear", "director", "cast", "duration", "language", "country", "contentRating", "mediaType", "streamingPlatform", "price", "priceType", "isPublished", "viewCount", "averageRating", "createdAt", "updatedAt") VALUES ('2', 'The Batman', 'When a sadistic serial killer begins murdering key political figures in Gotham, Batman is forced to investigate the city''s hidden corruption and question his family''s involvement.', 'When a sadistic serial killer begins murdering key political figures in Gotham, Batman is forced to investigate the city''s hidden corruption and question his family''s involvement.', 'https://image.tmdb.org/t/p/w500/74xTEgt7R36Fpooo50r9T25onhq.jpg', 'https://image.tmdb.org/t/p/original/7NtmWBwT6YDGYWR0jk4XP4j1i6a.jpg', 'https://www.youtube.com/watch?v=mqqft2x_Aa4', 2022, 'Matt Reeves', ARRAY['Robert Pattinson', 'Zoe Kravitz', 'Paul Dano', 'Colin Farrell']::text[], 120, 'English', 'USA', 'PG-13', 'MOVIE'::"MediaType", 'Netflix', 9.99, 'PREMIUM'::"PriceType", true, 150, 8.1, NOW(), NOW());
INSERT INTO "media" ("id", "title", "description", "synopsis", "posterUrl", "backdropUrl", "trailerUrl", "releaseYear", "director", "cast", "duration", "language", "country", "contentRating", "mediaType", "streamingPlatform", "price", "priceType", "isPublished", "viewCount", "averageRating", "createdAt", "updatedAt") VALUES ('3', 'Stranger Things', 'When a young boy vanishes, a small town uncovers a mystery involving secret experiments, terrifying supernatural forces, and one strange little girl.', 'When a young boy vanishes, a small town uncovers a mystery involving secret experiments, terrifying supernatural forces, and one strange little girl.', 'https://image.tmdb.org/t/p/w500/49WJfeN0moxb9IPfGn8AIqMGskD.jpg', 'https://image.tmdb.org/t/p/original/56v2KjBlU4XaOv9rVYEQypROD7P.jpg', NULL, 2016, 'The Duffer Brothers', ARRAY['Millie Bobby Brown', 'Finn Wolfhard', 'Winona Ryder', 'David Harbour']::text[], 120, 'English', 'USA', 'PG-13', 'SERIES'::"MediaType", 'Netflix', 9.99, 'PREMIUM'::"PriceType", true, 150, 8.9, NOW(), NOW());
INSERT INTO "media" ("id", "title", "description", "synopsis", "posterUrl", "backdropUrl", "trailerUrl", "releaseYear", "director", "cast", "duration", "language", "country", "contentRating", "mediaType", "streamingPlatform", "price", "priceType", "isPublished", "viewCount", "averageRating", "createdAt", "updatedAt") VALUES ('4', 'Oppenheimer', 'The story of American scientist J. Robert Oppenheimer and his role in the development of the atomic bomb.', 'The story of American scientist J. Robert Oppenheimer and his role in the development of the atomic bomb.', 'https://image.tmdb.org/t/p/w500/8Gxv8gSFCU0XGDykEGv7zR1n2ua.jpg', 'https://image.tmdb.org/t/p/original/fgxK0qSPq3YqNXpLQkJHgRWF0aI.jpg', 'https://www.youtube.com/watch?v=uYPbbksJxIg', 2023, 'Christopher Nolan', ARRAY['Cillian Murphy', 'Emily Blunt', 'Matt Damon', 'Robert Downey Jr.']::text[], 120, 'English', 'USA', 'PG-13', 'MOVIE'::"MediaType", 'Amazon Prime', 9.99, 'PREMIUM'::"PriceType", true, 150, 8.8, NOW(), NOW());
INSERT INTO "media" ("id", "title", "description", "synopsis", "posterUrl", "backdropUrl", "trailerUrl", "releaseYear", "director", "cast", "duration", "language", "country", "contentRating", "mediaType", "streamingPlatform", "price", "priceType", "isPublished", "viewCount", "averageRating", "createdAt", "updatedAt") VALUES ('5', 'Breaking Bad', 'A high school chemistry teacher diagnosed with inoperable lung cancer turns to manufacturing and selling methamphetamine in order to secure his family''s future.', 'A high school chemistry teacher diagnosed with inoperable lung cancer turns to manufacturing and selling methamphetamine in order to secure his family''s future.', 'https://image.tmdb.org/t/p/w500/ggFHVNu6YYI5L9pCfOacjizRGt.jpg', 'https://image.tmdb.org/t/p/original/tsRy63MuMh5KL1SOa4PA3G1TSQK.jpg', NULL, 2008, 'Vince Gilligan', ARRAY['Bryan Cranston', 'Aaron Paul', 'Anna Gunn', 'Dean Norris']::text[], 120, 'English', 'USA', 'PG-13', 'SERIES'::"MediaType", 'Netflix', 9.99, 'PREMIUM'::"PriceType", true, 20, 9.5, NOW(), NOW());
INSERT INTO "media" ("id", "title", "description", "synopsis", "posterUrl", "backdropUrl", "trailerUrl", "releaseYear", "director", "cast", "duration", "language", "country", "contentRating", "mediaType", "streamingPlatform", "price", "priceType", "isPublished", "viewCount", "averageRating", "createdAt", "updatedAt") VALUES ('6', 'Inception', 'A thief who steals corporate secrets through the use of dream-sharing technology is given the inverse task of planting an idea into the mind of a C.E.O.', 'A thief who steals corporate secrets through the use of dream-sharing technology is given the inverse task of planting an idea into the mind of a C.E.O.', 'https://image.tmdb.org/t/p/w500/edv5CZvWj09upOsy2Y6IwDhK8bt.jpg', 'https://image.tmdb.org/t/p/original/s3TBrRGB1iav7gFOCNx3H31MoES.jpg', 'https://www.youtube.com/watch?v=YoHD9XEInc0', 2010, 'Christopher Nolan', ARRAY['Leonardo DiCaprio', 'Joseph Gordon-Levitt', 'Elliot Page', 'Tom Hardy']::text[], 120, 'English', 'USA', 'PG-13', 'MOVIE'::"MediaType", 'Netflix', 9.99, 'PREMIUM'::"PriceType", true, 20, 8.8, NOW(), NOW());
INSERT INTO "media" ("id", "title", "description", "synopsis", "posterUrl", "backdropUrl", "trailerUrl", "releaseYear", "director", "cast", "duration", "language", "country", "contentRating", "mediaType", "streamingPlatform", "price", "priceType", "isPublished", "viewCount", "averageRating", "createdAt", "updatedAt") VALUES ('7', 'The Last of Us', 'After a global pandemic destroys civilization, a hardened survivor takes charge of a 14-year-old girl who may be humanity''s last hope.', 'After a global pandemic destroys civilization, a hardened survivor takes charge of a 14-year-old girl who may be humanity''s last hope.', 'https://image.tmdb.org/t/p/w500/uKvVjHNqB5VmOrdxqAt2F7J78ED.jpg', 'https://image.tmdb.org/t/p/original/7ZO9yoEU2fAHKhmJWfAc2QIPWJg.jpg', NULL, 2023, 'Craig Mazin', ARRAY['Pedro Pascal', 'Bella Ramsey', 'Anna Torv', 'Merle Dandridge']::text[], 120, 'English', 'USA', 'PG-13', 'SERIES'::"MediaType", 'HBO Max', 9.99, 'PREMIUM'::"PriceType", true, 80, 8.7, NOW(), NOW());
INSERT INTO "media" ("id", "title", "description", "synopsis", "posterUrl", "backdropUrl", "trailerUrl", "releaseYear", "director", "cast", "duration", "language", "country", "contentRating", "mediaType", "streamingPlatform", "price", "priceType", "isPublished", "viewCount", "averageRating", "createdAt", "updatedAt") VALUES ('8', 'Everything Everywhere All at Once', 'An aging Chinese immigrant is swept up in an insane adventure, where she alone can save the world by exploring other universes connecting with the lives she could have led.', 'An aging Chinese immigrant is swept up in an insane adventure, where she alone can save the world by exploring other universes connecting with the lives she could have led.', 'https://image.tmdb.org/t/p/w500/w3LxiVYdWWRvEVdn5RYq6jIqkbA.jpg', 'https://image.tmdb.org/t/p/original/7T91nEK6jdhHQsXbwOVzLhQHL98.jpg', 'https://www.youtube.com/watch?v=wxN1T1uxQ2g', 2022, 'Daniel Kwan, Daniel Scheinert', ARRAY['Michelle Yeoh', 'Ke Huy Quan', 'Jamie Lee Curtis', 'Stephanie Hsu']::text[], 120, 'English', 'USA', 'PG-13', 'MOVIE'::"MediaType", 'Amazon Prime', 9.99, 'PREMIUM'::"PriceType", true, 20, 8.5, NOW(), NOW());
INSERT INTO "media" ("id", "title", "description", "synopsis", "posterUrl", "backdropUrl", "trailerUrl", "releaseYear", "director", "cast", "duration", "language", "country", "contentRating", "mediaType", "streamingPlatform", "price", "priceType", "isPublished", "viewCount", "averageRating", "createdAt", "updatedAt") VALUES ('9', 'Arcane', 'Amid the stark discord of twin cities Piltover and Zaun, two sisters fight on rival sides of a war between magic technologies and clashing convictions.', 'Amid the stark discord of twin cities Piltover and Zaun, two sisters fight on rival sides of a war between magic technologies and clashing convictions.', 'https://image.tmdb.org/t/p/w500/fqldf2t8ztc9aiwn3k6mlX3tvxT.jpg', 'https://image.tmdb.org/t/p/original/8u2UdZJLHqiJO2sBfFCNGO9j1UZ.jpg', 'https://www.youtube.com/watch?v=fXmAurh012s', 2021, 'Christian Linke', ARRAY['Hailee Steinfeld', 'Ella Purnell', 'Kevin Alejandro', 'Katie Leung']::text[], 120, 'English', 'USA', 'PG-13', 'SERIES'::"MediaType", 'Netflix', 0, 'FREE'::"PriceType", true, 80, 9.2, NOW(), NOW());
INSERT INTO "media" ("id", "title", "description", "synopsis", "posterUrl", "backdropUrl", "trailerUrl", "releaseYear", "director", "cast", "duration", "language", "country", "contentRating", "mediaType", "streamingPlatform", "price", "priceType", "isPublished", "viewCount", "averageRating", "createdAt", "updatedAt") VALUES ('10', 'Interstellar', 'A team of explorers travel through a wormhole in space in an attempt to ensure humanity''s survival.', 'A team of explorers travel through a wormhole in space in an attempt to ensure humanity''s survival.', 'https://image.tmdb.org/t/p/w500/gEU2QniE6E77NI6lCU6MxlNBvIx.jpg', 'https://image.tmdb.org/t/p/original/rAiYTfKGqDCRIIqo664sY9XZIvQ.jpg', 'https://www.youtube.com/watch?v=zSWdZVtXT7E', 2014, 'Matthew McConaughey', ARRAY['Matthew McConaughey', 'Anne Hathaway', 'Jessica Chastain', 'Michael Caine']::text[], 120, 'English', 'USA', 'PG-13', 'MOVIE'::"MediaType", 'Netflix', 9.99, 'PREMIUM'::"PriceType", true, 150, 8.7, NOW(), NOW());
INSERT INTO "media" ("id", "title", "description", "synopsis", "posterUrl", "backdropUrl", "trailerUrl", "releaseYear", "director", "cast", "duration", "language", "country", "contentRating", "mediaType", "streamingPlatform", "price", "priceType", "isPublished", "viewCount", "averageRating", "createdAt", "updatedAt") VALUES ('11', 'Spider-Man: Across the Spider-Verse', 'Miles Morales catapults across the Multiverse, where he encounters a team of Spider-People charged with protecting its very existence.', 'Miles Morales catapults across the Multiverse, where he encounters a team of Spider-People charged with protecting its very existence.', 'https://image.tmdb.org/t/p/w500/8Vt6mWEReuy4Of61Lnj5Xj704m8.jpg', 'https://image.tmdb.org/t/p/original/4XM8DUTQb3lhLemJC51kue4TIXc.jpg', NULL, 2023, 'Joaquim Dos Santos, Kemp Powers, Justin K. Thompson', ARRAY['Shameik Moore', 'Hailee Steinfeld', 'Oscar Isaac', 'Jake Johnson']::text[], 120, 'English', 'USA', 'PG-13', 'MOVIE'::"MediaType", 'Netflix', 9.99, 'PREMIUM'::"PriceType", true, 80, 8.9, NOW(), NOW());
INSERT INTO "media" ("id", "title", "description", "synopsis", "posterUrl", "backdropUrl", "trailerUrl", "releaseYear", "director", "cast", "duration", "language", "country", "contentRating", "mediaType", "streamingPlatform", "price", "priceType", "isPublished", "viewCount", "averageRating", "createdAt", "updatedAt") VALUES ('12', 'Game of Thrones', 'Nine noble families fight for control over the lands of Westeros, while an ancient enemy returns after being dormant for millennia.', 'Nine noble families fight for control over the lands of Westeros, while an ancient enemy returns after being dormant for millennia.', 'https://image.tmdb.org/t/p/w500/u3bZgnGQ9T01sWNhyveQz0wH0Hl.jpg', 'https://image.tmdb.org/t/p/original/suopoADq0k8P6JbY5XqSN6qZO0R.jpg', NULL, 2011, 'David Benioff, D.B. Weiss', ARRAY['Emilia Clarke', 'Peter Dinklage', 'Kit Harington', 'Lena Headey']::text[], 120, 'English', 'USA', 'PG-13', 'SERIES'::"MediaType", 'HBO Max', 9.99, 'PREMIUM'::"PriceType", true, 20, 8.9, NOW(), NOW());
INSERT INTO "media" ("id", "title", "description", "synopsis", "posterUrl", "backdropUrl", "trailerUrl", "releaseYear", "director", "cast", "duration", "language", "country", "contentRating", "mediaType", "streamingPlatform", "price", "priceType", "isPublished", "viewCount", "averageRating", "createdAt", "updatedAt") VALUES ('13', 'Joker', 'In Gotham City, mentally troubled comedian Arthur Fleck is disregarded and mistreated by society. He then embarks on a downward spiral of revolution and bloody crime.', 'In Gotham City, mentally troubled comedian Arthur Fleck is disregarded and mistreated by society. He then embarks on a downward spiral of revolution and bloody crime.', 'https://image.tmdb.org/t/p/w500/udDclJoHjfjb8Ekgsd4FDteOkCU.jpg', 'https://image.tmdb.org/t/p/original/f5F4cRhQdUbyVbX5MvCQl45Kc0N.jpg', 'https://www.youtube.com/watch?v=zAGVQLHvwOY', 2019, 'Todd Phillips', ARRAY['Joaquin Phoenix', 'Robert De Niro', 'Zazie Beetz', 'Frances Conroy']::text[], 120, 'English', 'USA', 'PG-13', 'MOVIE'::"MediaType", 'Netflix', 9.99, 'PREMIUM'::"PriceType", true, 20, 8.4, NOW(), NOW());
INSERT INTO "media" ("id", "title", "description", "synopsis", "posterUrl", "backdropUrl", "trailerUrl", "releaseYear", "director", "cast", "duration", "language", "country", "contentRating", "mediaType", "streamingPlatform", "price", "priceType", "isPublished", "viewCount", "averageRating", "createdAt", "updatedAt") VALUES ('14', 'Squid Game', 'Hundreds of cash-strapped players accept a strange invitation to compete in children''s games. Inside, a tempting prize awaits with deadly high stakes.', 'Hundreds of cash-strapped players accept a strange invitation to compete in children''s games. Inside, a tempting prize awaits with deadly high stakes.', 'https://image.tmdb.org/t/p/w500/dDlEmu3EZ0Pgg93K2SVNLCjCSvE.jpg', 'https://image.tmdb.org/t/p/original/1V7KSO8grM7D1HQLKoNWNyR8bZj.jpg', NULL, 2021, 'Hwang Dong-hyuk', ARRAY['Lee Jung-jae', 'Park Hae-soo', 'Jung Ho-yeon', 'Oh Yeong-su']::text[], 120, 'English', 'USA', 'PG-13', 'SERIES'::"MediaType", 'Netflix', 0, 'FREE'::"PriceType", true, 20, 8.1, NOW(), NOW());
INSERT INTO "media" ("id", "title", "description", "synopsis", "posterUrl", "backdropUrl", "trailerUrl", "releaseYear", "director", "cast", "duration", "language", "country", "contentRating", "mediaType", "streamingPlatform", "price", "priceType", "isPublished", "viewCount", "averageRating", "createdAt", "updatedAt") VALUES ('15', 'Parasite', 'Greed and class discrimination threaten the newly formed symbiotic relationship between the wealthy Park family and the destitute Kim clan.', 'Greed and class discrimination threaten the newly formed symbiotic relationship between the wealthy Park family and the destitute Kim clan.', 'https://image.tmdb.org/t/p/w500/7IiTTgloJzvGI1TAYymCfbkF3nT.jpg', 'https://image.tmdb.org/t/p/original/TU9NIjwzjoKPwQHoHshkFcQUCG.jpg', 'https://www.youtube.com/watch?v=5xH0HfJHsaY', 2019, 'Bong Joon-ho', ARRAY['Kang-ho Song', 'Sun-kyun Lee', 'Yeo-jeong Jo', 'Woo-sik Choi']::text[], 120, 'English', 'USA', 'PG-13', 'MOVIE'::"MediaType", 'Hulu', 9.99, 'PREMIUM'::"PriceType", true, 20, 8.6, NOW(), NOW());
INSERT INTO "media" ("id", "title", "description", "synopsis", "posterUrl", "backdropUrl", "trailerUrl", "releaseYear", "director", "cast", "duration", "language", "country", "contentRating", "mediaType", "streamingPlatform", "price", "priceType", "isPublished", "viewCount", "averageRating", "createdAt", "updatedAt") VALUES ('16', 'The Dark Knight', 'When the menace known as the Joker wreaks havoc and chaos on the people of Gotham, Batman must accept one of the greatest psychological and physical tests.', 'When the menace known as the Joker wreaks havoc and chaos on the people of Gotham, Batman must accept one of the greatest psychological and physical tests.', 'https://image.tmdb.org/t/p/w500/qJ2tW6WMUDux911B6EMThfUbI3B.jpg', 'https://image.tmdb.org/t/p/original/3zlFffS3kYSOkw3qLiZLRnRlIB7.jpg', NULL, 2008, 'Christopher Nolan', ARRAY['Christian Bale', 'Heath Ledger', 'Aaron Eckhart', 'Michael Caine']::text[], 120, 'English', 'USA', 'PG-13', 'MOVIE'::"MediaType", 'Netflix', 0, 'FREE'::"PriceType", true, 20, 9, NOW(), NOW());
INSERT INTO "media" ("id", "title", "description", "synopsis", "posterUrl", "backdropUrl", "trailerUrl", "releaseYear", "director", "cast", "duration", "language", "country", "contentRating", "mediaType", "streamingPlatform", "price", "priceType", "isPublished", "viewCount", "averageRating", "createdAt", "updatedAt") VALUES ('17', 'Ted Lasso', 'An American college football coach is hired to coach a English Premier League soccer team, despite having no experience with soccer.', 'An American college football coach is hired to coach a English Premier League soccer team, despite having no experience with soccer.', 'https://image.tmdb.org/t/p/w500/5fh1mh1HxQmY3VfXRpMjg5RXXB2.jpg', 'https://image.tmdb.org/t/p/original/vtFp09UQ3KT8UgSr4i5o7ViIrEG.jpg', NULL, 2020, 'Bill Lawrence', ARRAY['Jason Sudeikis', 'Hannah Waddingham', 'Brett Goldstein', 'Juno Temple']::text[], 120, 'English', 'USA', 'PG-13', 'SERIES'::"MediaType", 'Apple TV+', 9.99, 'PREMIUM'::"PriceType", true, 80, 8.7, NOW(), NOW());
INSERT INTO "media" ("id", "title", "description", "synopsis", "posterUrl", "backdropUrl", "trailerUrl", "releaseYear", "director", "cast", "duration", "language", "country", "contentRating", "mediaType", "streamingPlatform", "price", "priceType", "isPublished", "viewCount", "averageRating", "createdAt", "updatedAt") VALUES ('18', 'Whiplash', 'A promising young drummer enrolls at a cut-throat music conservatory where his dreams of greatness are mentored by an instructor who will stop at nothing to realize a student''s potential.', 'A promising young drummer enrolls at a cut-throat music conservatory where his dreams of greatness are mentored by an instructor who will stop at nothing to realize a student''s potential.', 'https://image.tmdb.org/t/p/w500/7fn624j5lj3xTme2SgiLCeuedmO.jpg', 'https://image.tmdb.org/t/p/original/6oCHNVeAzyi2BNYlNLUq3AXs8QC.jpg', NULL, 2014, 'Damien Chazelle', ARRAY['Miles Teller', 'J.K. Simmons', 'Melissa Benoist', 'Paul Reiser']::text[], 120, 'English', 'USA', 'PG-13', 'MOVIE'::"MediaType", 'Netflix', 0, 'FREE'::"PriceType", true, 20, 8.5, NOW(), NOW());
INSERT INTO "media" ("id", "title", "description", "synopsis", "posterUrl", "backdropUrl", "trailerUrl", "releaseYear", "director", "cast", "duration", "language", "country", "contentRating", "mediaType", "streamingPlatform", "price", "priceType", "isPublished", "viewCount", "averageRating", "createdAt", "updatedAt") VALUES ('19', 'The Crown', 'Follows the political rivalries and romance of Queen Elizabeth II''s reign and the events that shaped the second half of the 20th century.', 'Follows the political rivalries and romance of Queen Elizabeth II''s reign and the events that shaped the second half of the 20th century.', 'https://image.tmdb.org/t/p/w500/1Q2F2Cw5yYC9pqhIwpXJqNqnL6P.jpg', 'https://image.tmdb.org/t/p/original/hvFmhpMdsg6vqFqW4X5eXp6PqJ1.jpg', NULL, 2016, 'Peter Morgan', ARRAY['Claire Foy', 'Olivia Colman', 'Imelda Staunton', 'Matt Smith']::text[], 120, 'English', 'USA', 'PG-13', 'SERIES'::"MediaType", 'Netflix', 9.99, 'PREMIUM'::"PriceType", true, 20, 8.5, NOW(), NOW());
INSERT INTO "media" ("id", "title", "description", "synopsis", "posterUrl", "backdropUrl", "trailerUrl", "releaseYear", "director", "cast", "duration", "language", "country", "contentRating", "mediaType", "streamingPlatform", "price", "priceType", "isPublished", "viewCount", "averageRating", "createdAt", "updatedAt") VALUES ('20', 'Barbie', 'Barbie and Ken are having the time of their lives in the colorful and seemingly perfect world of Barbie Land. However, when they get to go to the real world, they soon discover the problems with being human.', 'Barbie and Ken are having the time of their lives in the colorful and seemingly perfect world of Barbie Land. However, when they get to go to the real world, they soon discover the problems with being human.', 'https://image.tmdb.org/t/p/w500/iuFNMS8U5cJU6lYBsAgZGa802G7.jpg', 'https://image.tmdb.org/t/p/original/ctMserH8g2SeOAnCw5gFjdQF8mo.jpg', NULL, 2023, 'Greta Gerwig', ARRAY['Margot Robbie', 'Ryan Gosling', 'America Ferrera', 'Kate McKinnon']::text[], 120, 'English', 'USA', 'PG-13', 'MOVIE'::"MediaType", 'HBO Max', 9.99, 'PREMIUM'::"PriceType", true, 20, 7.4, NOW(), NOW());

-- Seeding Media-Genre Associations
INSERT INTO "media_genres" ("mediaId", "genreId", "createdAt") VALUES ('1', 'b6c4e5f6-1234-4321-abcd-eeeeeeeeeeee', NOW()) ON CONFLICT DO NOTHING;
INSERT INTO "media_genres" ("mediaId", "genreId", "createdAt") VALUES ('1', 'b4c2e3f4-1234-4321-abcd-222222222222', NOW()) ON CONFLICT DO NOTHING;
INSERT INTO "media_genres" ("mediaId", "genreId", "createdAt") VALUES ('1', 'a9b7d8e9-1234-4321-abcd-777777777777', NOW()) ON CONFLICT DO NOTHING;
INSERT INTO "media_genres" ("mediaId", "genreId", "createdAt") VALUES ('2', 'a3b1d2e3-1234-4321-abcd-111111111111', NOW()) ON CONFLICT DO NOTHING;
INSERT INTO "media_genres" ("mediaId", "genreId", "createdAt") VALUES ('2', 'f8a6c7d8-1234-4321-abcd-666666666666', NOW()) ON CONFLICT DO NOTHING;
INSERT INTO "media_genres" ("mediaId", "genreId", "createdAt") VALUES ('2', 'a9b7d8e9-1234-4321-abcd-777777777777', NOW()) ON CONFLICT DO NOTHING;
INSERT INTO "media_genres" ("mediaId", "genreId", "createdAt") VALUES ('3', 'b6c4e5f6-1234-4321-abcd-eeeeeeeeeeee', NOW()) ON CONFLICT DO NOTHING;
INSERT INTO "media_genres" ("mediaId", "genreId", "createdAt") VALUES ('3', 'd2e0a1b2-1234-4321-abcd-aaaaaaaaaaaa', NOW()) ON CONFLICT DO NOTHING;
INSERT INTO "media_genres" ("mediaId", "genreId", "createdAt") VALUES ('3', 'a9b7d8e9-1234-4321-abcd-777777777777', NOW()) ON CONFLICT DO NOTHING;
INSERT INTO "media_genres" ("mediaId", "genreId", "createdAt") VALUES ('4', 'a9b7d8e9-1234-4321-abcd-777777777777', NOW()) ON CONFLICT DO NOTHING;
INSERT INTO "media_genres" ("mediaId", "genreId", "createdAt") VALUES ('4', 'c1d9f0a1-1234-4321-abcd-999999999999', NOW()) ON CONFLICT DO NOTHING;
INSERT INTO "media_genres" ("mediaId", "genreId", "createdAt") VALUES ('4', 'd6e4a5b6-1234-4321-abcd-444444444444', NOW()) ON CONFLICT DO NOTHING;
INSERT INTO "media_genres" ("mediaId", "genreId", "createdAt") VALUES ('5', 'f8a6c7d8-1234-4321-abcd-666666666666', NOW()) ON CONFLICT DO NOTHING;
INSERT INTO "media_genres" ("mediaId", "genreId", "createdAt") VALUES ('5', 'a9b7d8e9-1234-4321-abcd-777777777777', NOW()) ON CONFLICT DO NOTHING;
INSERT INTO "media_genres" ("mediaId", "genreId", "createdAt") VALUES ('5', 'd8e6a7b8-1234-4321-abcd-000000000000', NOW()) ON CONFLICT DO NOTHING;
INSERT INTO "media_genres" ("mediaId", "genreId", "createdAt") VALUES ('6', 'b6c4e5f6-1234-4321-abcd-eeeeeeeeeeee', NOW()) ON CONFLICT DO NOTHING;
INSERT INTO "media_genres" ("mediaId", "genreId", "createdAt") VALUES ('6', 'a3b1d2e3-1234-4321-abcd-111111111111', NOW()) ON CONFLICT DO NOTHING;
INSERT INTO "media_genres" ("mediaId", "genreId", "createdAt") VALUES ('6', 'd8e6a7b8-1234-4321-abcd-000000000000', NOW()) ON CONFLICT DO NOTHING;
INSERT INTO "media_genres" ("mediaId", "genreId", "createdAt") VALUES ('7', 'a9b7d8e9-1234-4321-abcd-777777777777', NOW()) ON CONFLICT DO NOTHING;
INSERT INTO "media_genres" ("mediaId", "genreId", "createdAt") VALUES ('7', 'b6c4e5f6-1234-4321-abcd-eeeeeeeeeeee', NOW()) ON CONFLICT DO NOTHING;
INSERT INTO "media_genres" ("mediaId", "genreId", "createdAt") VALUES ('7', 'a3b1d2e3-1234-4321-abcd-111111111111', NOW()) ON CONFLICT DO NOTHING;
INSERT INTO "media_genres" ("mediaId", "genreId", "createdAt") VALUES ('8', 'b6c4e5f6-1234-4321-abcd-eeeeeeeeeeee', NOW()) ON CONFLICT DO NOTHING;
INSERT INTO "media_genres" ("mediaId", "genreId", "createdAt") VALUES ('8', 'a3b1d2e3-1234-4321-abcd-111111111111', NOW()) ON CONFLICT DO NOTHING;
INSERT INTO "media_genres" ("mediaId", "genreId", "createdAt") VALUES ('8', 'e7f5b6c7-1234-4321-abcd-555555555555', NOW()) ON CONFLICT DO NOTHING;
INSERT INTO "media_genres" ("mediaId", "genreId", "createdAt") VALUES ('9', 'c5d3f4a5-1234-4321-abcd-333333333333', NOW()) ON CONFLICT DO NOTHING;
INSERT INTO "media_genres" ("mediaId", "genreId", "createdAt") VALUES ('9', 'a3b1d2e3-1234-4321-abcd-111111111111', NOW()) ON CONFLICT DO NOTHING;
INSERT INTO "media_genres" ("mediaId", "genreId", "createdAt") VALUES ('9', 'b0c8e9f0-1234-4321-abcd-888888888888', NOW()) ON CONFLICT DO NOTHING;
INSERT INTO "media_genres" ("mediaId", "genreId", "createdAt") VALUES ('10', 'b6c4e5f6-1234-4321-abcd-eeeeeeeeeeee', NOW()) ON CONFLICT DO NOTHING;
INSERT INTO "media_genres" ("mediaId", "genreId", "createdAt") VALUES ('10', 'b4c2e3f4-1234-4321-abcd-222222222222', NOW()) ON CONFLICT DO NOTHING;
INSERT INTO "media_genres" ("mediaId", "genreId", "createdAt") VALUES ('10', 'a9b7d8e9-1234-4321-abcd-777777777777', NOW()) ON CONFLICT DO NOTHING;
INSERT INTO "media_genres" ("mediaId", "genreId", "createdAt") VALUES ('11', 'c5d3f4a5-1234-4321-abcd-333333333333', NOW()) ON CONFLICT DO NOTHING;
INSERT INTO "media_genres" ("mediaId", "genreId", "createdAt") VALUES ('11', 'a3b1d2e3-1234-4321-abcd-111111111111', NOW()) ON CONFLICT DO NOTHING;
INSERT INTO "media_genres" ("mediaId", "genreId", "createdAt") VALUES ('11', 'b4c2e3f4-1234-4321-abcd-222222222222', NOW()) ON CONFLICT DO NOTHING;
INSERT INTO "media_genres" ("mediaId", "genreId", "createdAt") VALUES ('12', 'b0c8e9f0-1234-4321-abcd-888888888888', NOW()) ON CONFLICT DO NOTHING;
INSERT INTO "media_genres" ("mediaId", "genreId", "createdAt") VALUES ('12', 'a9b7d8e9-1234-4321-abcd-777777777777', NOW()) ON CONFLICT DO NOTHING;
INSERT INTO "media_genres" ("mediaId", "genreId", "createdAt") VALUES ('12', 'a3b1d2e3-1234-4321-abcd-111111111111', NOW()) ON CONFLICT DO NOTHING;
INSERT INTO "media_genres" ("mediaId", "genreId", "createdAt") VALUES ('13', 'f8a6c7d8-1234-4321-abcd-666666666666', NOW()) ON CONFLICT DO NOTHING;
INSERT INTO "media_genres" ("mediaId", "genreId", "createdAt") VALUES ('13', 'a9b7d8e9-1234-4321-abcd-777777777777', NOW()) ON CONFLICT DO NOTHING;
INSERT INTO "media_genres" ("mediaId", "genreId", "createdAt") VALUES ('13', 'd8e6a7b8-1234-4321-abcd-000000000000', NOW()) ON CONFLICT DO NOTHING;
INSERT INTO "media_genres" ("mediaId", "genreId", "createdAt") VALUES ('14', 'a9b7d8e9-1234-4321-abcd-777777777777', NOW()) ON CONFLICT DO NOTHING;
INSERT INTO "media_genres" ("mediaId", "genreId", "createdAt") VALUES ('14', 'd8e6a7b8-1234-4321-abcd-000000000000', NOW()) ON CONFLICT DO NOTHING;
INSERT INTO "media_genres" ("mediaId", "genreId", "createdAt") VALUES ('14', 'a3b1d2e3-1234-4321-abcd-111111111111', NOW()) ON CONFLICT DO NOTHING;
INSERT INTO "media_genres" ("mediaId", "genreId", "createdAt") VALUES ('15', 'a9b7d8e9-1234-4321-abcd-777777777777', NOW()) ON CONFLICT DO NOTHING;
INSERT INTO "media_genres" ("mediaId", "genreId", "createdAt") VALUES ('15', 'd8e6a7b8-1234-4321-abcd-000000000000', NOW()) ON CONFLICT DO NOTHING;
INSERT INTO "media_genres" ("mediaId", "genreId", "createdAt") VALUES ('15', 'e7f5b6c7-1234-4321-abcd-555555555555', NOW()) ON CONFLICT DO NOTHING;
INSERT INTO "media_genres" ("mediaId", "genreId", "createdAt") VALUES ('16', 'a3b1d2e3-1234-4321-abcd-111111111111', NOW()) ON CONFLICT DO NOTHING;
INSERT INTO "media_genres" ("mediaId", "genreId", "createdAt") VALUES ('16', 'f8a6c7d8-1234-4321-abcd-666666666666', NOW()) ON CONFLICT DO NOTHING;
INSERT INTO "media_genres" ("mediaId", "genreId", "createdAt") VALUES ('16', 'a9b7d8e9-1234-4321-abcd-777777777777', NOW()) ON CONFLICT DO NOTHING;
INSERT INTO "media_genres" ("mediaId", "genreId", "createdAt") VALUES ('17', 'e7f5b6c7-1234-4321-abcd-555555555555', NOW()) ON CONFLICT DO NOTHING;
INSERT INTO "media_genres" ("mediaId", "genreId", "createdAt") VALUES ('17', 'a9b7d8e9-1234-4321-abcd-777777777777', NOW()) ON CONFLICT DO NOTHING;
INSERT INTO "media_genres" ("mediaId", "genreId", "createdAt") VALUES ('17', 'c7d5f6a7-1234-4321-abcd-ffffffffffff', NOW()) ON CONFLICT DO NOTHING;
INSERT INTO "media_genres" ("mediaId", "genreId", "createdAt") VALUES ('18', 'a9b7d8e9-1234-4321-abcd-777777777777', NOW()) ON CONFLICT DO NOTHING;
INSERT INTO "media_genres" ("mediaId", "genreId", "createdAt") VALUES ('18', 'e3f1b2c3-1234-4321-abcd-bbbbbbbbbbbb', NOW()) ON CONFLICT DO NOTHING;
INSERT INTO "media_genres" ("mediaId", "genreId", "createdAt") VALUES ('19', 'a9b7d8e9-1234-4321-abcd-777777777777', NOW()) ON CONFLICT DO NOTHING;
INSERT INTO "media_genres" ("mediaId", "genreId", "createdAt") VALUES ('19', 'c1d9f0a1-1234-4321-abcd-999999999999', NOW()) ON CONFLICT DO NOTHING;
INSERT INTO "media_genres" ("mediaId", "genreId", "createdAt") VALUES ('19', 'd6e4a5b6-1234-4321-abcd-444444444444', NOW()) ON CONFLICT DO NOTHING;
INSERT INTO "media_genres" ("mediaId", "genreId", "createdAt") VALUES ('20', 'e7f5b6c7-1234-4321-abcd-555555555555', NOW()) ON CONFLICT DO NOTHING;
INSERT INTO "media_genres" ("mediaId", "genreId", "createdAt") VALUES ('20', 'b4c2e3f4-1234-4321-abcd-222222222222', NOW()) ON CONFLICT DO NOTHING;
INSERT INTO "media_genres" ("mediaId", "genreId", "createdAt") VALUES ('20', 'b0c8e9f0-1234-4321-abcd-888888888888', NOW()) ON CONFLICT DO NOTHING;

-- Seeding Reviews
INSERT INTO "reviews" ("id", "rating", "content", "tags", "isSpoiler", "status", "likesCount", "userId", "mediaId", "createdAt", "updatedAt") VALUES ('r1', 9.5, 'A masterful epic that surpasses the original in every way. Villeneuve has crafted something truly special - the cinematography, score, and performances are all outstanding. This is why we go to the movies.', ARRAY['masterpiece', 'must-see']::text[], false, 'APPROVED'::"ReviewStatus", 342, 'u1', '1', '2024-03-15T10:30:00Z', NOW());
INSERT INTO "reviews" ("id", "rating", "content", "tags", "isSpoiler", "status", "likesCount", "userId", "mediaId", "createdAt", "updatedAt") VALUES ('r2', 9, 'Visually breathtaking. The sandworm sequences alone are worth the price of admission. The political intrigue is woven perfectly into the action. Can''t wait for the next installment!', ARRAY['visually-stunning', 'epic']::text[], false, 'APPROVED'::"ReviewStatus", 198, 'u2', '1', '2024-03-18T14:20:00Z', NOW());
INSERT INTO "reviews" ("id", "rating", "content", "tags", "isSpoiler", "status", "likesCount", "userId", "mediaId", "createdAt", "updatedAt") VALUES ('r3', 9.2, 'This show defined a generation of television. The blend of 80s nostalgia, horror, and coming-of-age drama is simply perfect. Every season brings something new and terrifying.', ARRAY['nostalgic', 'binge-worthy']::text[], true, 'APPROVED'::"ReviewStatus", 567, 'u3', '3', '2024-01-22T09:15:00Z', NOW());
INSERT INTO "reviews" ("id", "rating", "content", "tags", "isSpoiler", "status", "likesCount", "userId", "mediaId", "createdAt", "updatedAt") VALUES ('r4', 10, 'The greatest television show ever made. Period. Bryan Cranston''s transformation from Mr. Chips to Scarface is the finest acting performance I''ve ever witnessed. Every season tops the last.', ARRAY['classic', 'masterpiece', 'intense']::text[], false, 'APPROVED'::"ReviewStatus", 892, 'u4', '5', '2024-02-10T16:45:00Z', NOW());
INSERT INTO "reviews" ("id", "rating", "content", "tags", "isSpoiler", "status", "likesCount", "userId", "mediaId", "createdAt", "updatedAt") VALUES ('r5', 9, 'Nolan has created a haunting portrait of genius and its consequences. Murphy disappears into the role completely. The Trinity test sequence is one of the most tense scenes in cinema history.', ARRAY['thought-provoking', 'intense']::text[], false, 'APPROVED'::"ReviewStatus", 445, 'u5', '4', '2024-04-05T11:00:00Z', NOW());
INSERT INTO "reviews" ("id", "rating", "content", "tags", "isSpoiler", "status", "likesCount", "userId", "mediaId", "createdAt", "updatedAt") VALUES ('r6', 10, 'Heath Ledger''s Joker remains the gold standard for comic book villains. This transcends the superhero genre and stands as one of the greatest crime dramas ever made.', ARRAY['classic', 'iconic']::text[], false, 'APPROVED'::"ReviewStatus", 1023, 'u6', '16', '2024-01-08T08:30:00Z', NOW());

-- Seeding Comments
INSERT INTO "comments" ("id", "content", "likesCount", "userId", "reviewId", "parentId", "createdAt", "updatedAt") VALUES ('c1', 'Couldn''t agree more! The sound design in IMAX was incredible.', 0, 'u2', 'r1', NULL, '2024-03-16T12:00:00Z', NOW());
INSERT INTO "comments" ("id", "content", "likesCount", "userId", "reviewId", "parentId", "createdAt", "updatedAt") VALUES ('c2', 'Have you read the books? The adaptation is remarkably faithful.', 0, 'u3', 'r1', NULL, '2024-03-16T14:30:00Z', NOW());
INSERT INTO "comments" ("id", "content", "likesCount", "userId", "reviewId", "parentId", "createdAt", "updatedAt") VALUES ('c3', 'Yes! Frank Herbert would be proud. Villeneuve really understands the source material.', 0, 'u1', 'r1', 'c2', '2024-03-16T15:45:00Z', NOW());
INSERT INTO "comments" ("id", "content", "likesCount", "userId", "reviewId", "parentId", "createdAt", "updatedAt") VALUES ('c4', 'I just finished season 4 and I''m completely speechless. This show is on another level.', 0, 'u5', 'r4', NULL, '2024-02-11T10:00:00Z', NOW());
INSERT INTO "comments" ("id", "content", "likesCount", "userId", "reviewId", "parentId", "createdAt", "updatedAt") VALUES ('c5', 'The interrogation scene between Batman and Joker is pure cinematic perfection.', 0, 'u4', 'r6', NULL, '2024-01-09T09:00:00Z', NOW());
